{
  "fill" : {
    "solid" : "display-p3:0.36475,0.40381,0.66650,1.00000"
  },
  "groups" : [
    {
      "layers" : [
        {
          "fill-specializations" : [
            {
              "value" : {
                "solid" : "extended-gray:1.00000,1.00000"
              }
            },
            {
              "appearance" : "tinted",
              "value" : {
                "solid" : "extended-srgb:0.00000,0.53333,1.00000,1.00000"
              }
            }
          ],
          "image-name" : "Green_Alphabet_Letter_Icon_Logo_CK_Or_KC-removebg-preview.png",
          "name" : "Green_Alphabet_Letter_Icon_Logo_CK_Or_KC-removebg-preview",
          "position" : {
            "scale" : 2,
            "translation-in-points" : [
              12,
              12
            ]
          }
        }
      ],
      "shadow" : {
        "kind" : "neutral",
        "opacity" : 0.5
      },
      "translucency" : {
        "enabled" : false,
        "value" : 0.5
      }
    }
  ],
  "supported-platforms" : {
    "circles" : [
      "watchOS"
    ],
    "squares" : "shared"
  }
}